{
  "module": "student",
  "roc_auc": 0.9767779390420901,
  "accuracy": 0.9367088607594937,
  "f1_at_risk": 0.8979591836734694,
  "precision_at_risk": 0.9565217391304348,
  "recall_at_risk": 0.8461538461538461,
  "support_test": 79
}